{
  "la ca\u00f1ada flintridge": [
    34.1998302,
    -118.2005236
  ],
  "butte valley": [
    39.6619245,
    -121.6347349
  ],
  "shasta": [
    40.7965121,
    -121.9979194
  ],
  "orland": [
    39.7469957,
    -122.1964588
  ],
  "pleasant hill": [
    37.9479786,
    -122.0607963
  ],
  "pittsburg": [
    38.0267711,
    -121.8853861
  ],
  "ramona": [
    33.0472806,
    -116.8776005
  ],
  "cabazon": [
    33.9090305,
    -116.7795345
  ],
  "avila beach": [
    35.1799752,
    -120.731841
  ],
  "huron": [
    36.2027859,
    -120.1036676
  ],
  "windsor": [
    38.5471327,
    -122.8163802
  ],
  "sebastopol": [
    38.4021038,
    -122.824222
  ],
  "seaside": [
    36.62593,
    -121.816926
  ],
  "san joaquin": [
    37.9372901,
    -121.2773719
  ],
  "san miguel": [
    35.754959,
    -120.6932267
  ],
  "winchester": [
    33.6947357,
    -117.0849113
  ],
  "castaic": [
    34.478169,
    -118.6361914
  ],
  "mcclellan park": [
    37.314114,
    -122.0631707
  ],
  "san martin": [
    37.089655,
    -121.5945046
  ],
  "hilmar": [
    37.4085479,
    -120.850203
  ],
  "borrego springs": [
    33.254858,
    -116.3569487
  ],
  "weott": [
    40.3222525,
    -123.9214258
  ],
  "littlerock": [
    34.5213675,
    -117.9873936
  ],
  "elk creek": [
    39.6051574,
    -122.5391598
  ],
  "friant": [
    36.983858,
    -119.7134624
  ],
  "coleville": [
    38.5662988,
    -119.507111
  ],
  "desert center": [
    33.7401305,
    -115.3639841
  ],
  "snelling": [
    37.5191028,
    -120.4374151
  ],
  "fish camp": [
    37.4785497,
    -119.6404311
  ],
  "chester": [
    40.298829,
    -121.237125
  ],
  "lost hills": [
    35.632387,
    -119.6776569
  ]
}